{
    "name": "AdvancedArtilleryRemotesContinued",
    "version": "3.0.0",
    "title": "Advanced Artillery Remotes Continued",
    "author": "azaghal",
    "homepage": "https://github.com/azaghal/Factorio-AdvancedArtilleryRemotesContinued",
    "factorio_version": "1.1",
    "dependencies": [
        "base >= 1.1",
        "! AdvArtilleryRemotes"
    ],
    "description": "Adds two Advanced Artillery Remotes to the game. Artillery Cluster Remote targets nearby spawners and worms and lays down a carpet of artillery fire against them. Artillery Discovery Remote fires artillery rounds in an arc to assist in map exploration."
}
