{
    "name": "XiNarusGodModules",
    "version": "1.0.4",
    "title": "XiNarus God Modules",
    "author": "No0Vad, Updated by: XiNaru & moon69",
    "contact": "support@xinaru.de",
    "homepage": "",
    "factorio_version": "1.1",
    "dependencies": ["base >= 1.1"],
    "description": "ENGLISH:  This mod adds a god version of the modules (without the negative effects) and a combined god module.  DEUTSCH:  Dieser Mod fügt eine Gott-Version der Module (ohne die negativen Effekte) und ein kombiniertes Gott-Modul hinzu."
}