  {
  "name": "slp-underground-poles",
  "version": "1.0.2",
  "factorio_version": "1.1",
  "title": "Underground pole SLP",
  "author": "SLywnow",
  "contact": "",
  "homepage": "https://discord.gg/eJshgz8",
  "description": "Upgrade your electrical network by hiding all the wires underground! The new type of poles can be placed even under factory objects, which will save a lot of space and time. Underground poles completely repeat the middle and large poles, as well as the substation.",
  "dependencies": ["base >= 0.1.1"]
}
